type,object-size(KB),workers,parallel-clients,avg-bandwidth(MB/s),avg-latency(ms),gen-bytes-avg-latency(ms),io-copy-avg-latency(ms),successful-ops,failed-ops,duration,total-mbytes,name
delete,4,10,128,0.0,14.47,-1.00,-1.00,1e+06,0,28s,0,clean-4k-128threads
delete,4,10,256,0.0,28.10,-1.00,-1.00,1e+06,0,27s,0,clean-4k-256threads
delete,8,10,128,0.0,13.91,-1.00,-1.00,1e+06,0,27s,0,clean-8k-128threads
delete,8,10,256,0.0,30.06,-1.00,-1.00,1e+06,0,27s,0,clean-8k-256threads
delete,16,10,64,0.0,7.15,-1.00,-1.00,1e+06,0,26s,0,clean-16k-64threads
delete,16,10,128,0.0,14.25,-1.00,-1.00,1e+06,0,27s,0,clean-16k-128threads
delete,16,10,256,0.0,27.45,-1.00,-1.00,1e+06,0,30s,0,clean-16k-256threads
delete,32,10,64,0.0,6.98,-1.00,-1.00,1e+06,0,25s,0,clean-32k-64threads
delete,32,10,128,0.0,14.33,-1.00,-1.00,1e+06,0,27s,0,clean-32k-128threads
delete,32,10,256,0.0,27.98,-1.00,-1.00,1e+06,0,31s,0,clean-32k-256threads
delete,64,10,64,0.0,7.13,-1.00,-1.00,1e+06,0,26s,0,clean-64k-64threads
delete,64,10,128,0.0,14.27,-1.00,-1.00,1e+06,0,25s,0,clean-64k-128threads
delete,64,10,256,0.0,29.70,-1.00,-1.00,1e+06,0,32s,0,clean-64k-256threads
delete,128,10,64,0.0,7.34,-1.00,-1.00,1e+06,0,26s,0,clean-128k-64threads
delete,128,10,128,0.0,14.97,-1.00,-1.00,1e+06,0,26s,0,clean-128k-128threads
delete,128,10,256,0.0,27.96,-1.00,-1.00,1e+06,0,27s,0,clean-128k-256threads
delete,256,10,64,0.0,7.42,-1.00,-1.00,1e+06,0,26s,0,clean-256k-64threads
delete,256,10,128,0.0,15.30,-1.00,-1.00,1e+06,0,32s,0,clean-256k-128threads
delete,256,10,256,0.0,27.82,-1.00,-1.00,1e+06,0,27s,0,clean-256k-256threads
delete,512,10,64,0.0,7.54,-1.00,-1.00,1e+06,0,26s,0,clean-512k-64threads
delete,512,10,128,0.0,15.30,-1.00,-1.00,1e+06,0,26s,0,clean-512k-128threads
delete,512,10,256,0.0,28.42,-1.00,-1.00,1e+06,0,29s,0,clean-512k-256threads
delete,1024,10,64,0.0,7.20,-1.00,-1.00,1e+06,0,26s,0,clean-1m-64threads
delete,1024,10,128,0.0,14.62,-1.00,-1.00,1e+06,0,27s,0,clean-1m-128threads
delete,1024,10,256,0.0,28.84,-1.00,-1.00,1e+06,0,27s,0,clean-1m-256threads
delete,4096,10,64,0.0,7.90,-1.00,-1.00,1e+06,0,27s,0,clean-4m-64threads
delete,4096,10,128,0.0,15.57,-1.00,-1.00,1e+06,0,29s,0,clean-4m-128threads
delete,4096,10,256,0.0,28.99,-1.00,-1.00,1e+06,0,30s,0,clean-4m-256threads
read,4,10,128,116.5,42.31,-1.00,40.51,1e+06,0,44s,3906,read-4k-128threads
read,4,10,256,224.6,43.89,-1.00,40.68,1e+06,0,28s,3906,read-4k-256threads
read,8,10,128,233.5,42.22,-1.00,40.49,1e+06,0,44s,7812,read-8k-128threads
read,8,10,256,450.3,43.79,-1.00,40.65,1e+06,0,28s,7812,read-8k-256threads
read,16,10,64,2450.3,3.59,-1.00,0.09,1e+06,0,17s,15625,read-16k-64threads
read,16,10,128,2521.6,7.44,-1.00,0.31,1e+06,0,17s,15625,read-16k-128threads
read,16,10,256,2426.8,16.02,-1.00,0.74,1e+06,0,17s,15625,read-16k-256threads
read,32,10,64,4912.7,3.57,-1.00,0.08,1e+06,0,17s,31250,read-32k-64threads
read,32,10,128,5052.9,7.41,-1.00,0.29,1e+06,0,17s,31250,read-32k-128threads
read,32,10,256,4831.8,16.08,-1.00,0.73,1e+06,0,17s,31250,read-32k-256threads
read,64,10,64,9804.2,3.58,-1.00,0.08,1e+06,0,17s,62500,read-64k-64threads
read,64,10,128,10219.1,7.32,-1.00,0.28,1e+06,0,17s,62500,read-64k-128threads
read,64,10,256,9829.7,15.77,-1.00,0.65,1e+06,0,17s,62500,read-64k-256threads
read,128,10,64,19270.4,3.64,-1.00,0.09,1e+06,0,17s,125000,read-128k-64threads
read,128,10,128,20978.4,7.13,-1.00,0.23,1e+06,0,17s,125000,read-128k-128threads
read,128,10,256,20444.1,15.16,-1.00,0.51,1e+06,0,17s,125000,read-128k-256threads
read,256,10,64,27396.5,5.30,-1.00,0.07,1e+06,0,20s,250000,read-256k-64threads
read,256,10,128,28102.7,10.80,-1.00,0.11,1e+06,0,20s,250000,read-256k-128threads
read,256,10,256,27901.2,22.21,-1.00,0.19,1e+06,0,21s,250000,read-256k-256threads
read,512,10,64,28357.9,10.69,-1.00,0.04,1e+06,0,29s,500000,read-512k-64threads
read,512,10,128,29247.8,21.31,-1.00,0.08,1e+06,0,31s,500000,read-512k-128threads
read,512,10,256,28822.9,43.30,-1.00,0.24,1e+06,0,29s,500000,read-512k-256threads
read,1024,10,64,29033.9,21.44,-1.00,0.03,1e+06,0,47s,1000000,read-1m-64threads
read,1024,10,128,29523.8,42.63,-1.00,0.06,1e+06,0,47s,1000000,read-1m-128threads
read,1024,10,256,29161.0,86.52,-1.00,0.15,1e+06,0,47s,1000000,read-1m-256threads
read,4096,10,64,29883.4,85.47,-1.00,2.03,1e+06,0,2m39s,4000000,read-4m-64threads
read,4096,10,128,29960.4,171.14,-1.00,2.10,1e+06,0,2m41s,4000000,read-4m-128threads
read,4096,10,256,29447.2,346.49,-1.00,2.14,1e+06,0,2m40s,4000000,read-4m-256threads
write,4,10,128,312.9,15.38,0.01,-1.00,1e+06,0,24s,3906,write-4k-128threads
write,4,10,256,339.8,28.91,0.01,-1.00,1e+06,0,25s,3906,write-4k-256threads
write,8,10,128,652.4,14.77,0.01,-1.00,1e+06,0,24s,7812,write-8k-128threads
write,8,10,256,648.2,30.55,0.02,-1.00,1e+06,0,27s,7812,write-8k-256threads
write,16,10,64,1190.4,7.83,0.01,-1.00,1e+06,0,24s,15625,write-16k-64threads
write,16,10,128,1333.4,14.49,0.01,-1.00,1e+06,0,24s,15625,write-16k-128threads
write,16,10,256,1370.7,28.73,0.02,-1.00,1e+06,0,23s,15625,write-16k-256threads
write,32,10,64,2346.2,7.90,0.02,-1.00,1e+06,0,24s,31250,write-32k-64threads
write,32,10,128,2563.3,14.98,0.02,-1.00,1e+06,0,24s,31250,write-32k-128threads
write,32,10,256,2741.5,28.99,0.03,-1.00,1e+06,0,27s,31250,write-32k-256threads
write,64,10,64,4419.8,8.36,0.03,-1.00,1e+06,0,25s,62500,write-64k-64threads
write,64,10,128,4976.1,15.39,0.03,-1.00,1e+06,0,24s,62500,write-64k-128threads
write,64,10,256,5223.5,30.92,0.06,-1.00,1e+06,0,28s,62500,write-64k-256threads
write,128,10,64,8126.7,9.01,0.06,-1.00,1e+06,0,26s,125000,write-128k-64threads
write,128,10,128,9140.1,16.66,0.06,-1.00,1e+06,0,25s,125000,write-128k-128threads
write,128,10,256,9426.6,33.12,0.07,-1.00,1e+06,0,26s,125000,write-128k-256threads
write,256,10,64,13344.7,10.88,0.13,-1.00,1e+06,0,29s,250000,write-256k-64threads
write,256,10,128,15160.3,20.03,0.16,-1.00,1e+06,0,29s,250000,write-256k-128threads
write,256,10,256,13871.0,44.97,0.19,-1.00,1e+06,0,30s,250000,write-256k-256threads
write,512,10,64,18808.8,15.43,0.32,-1.00,1e+06,0,38s,500000,write-512k-64threads
write,512,10,128,19224.3,31.70,0.40,-1.00,1e+06,0,39s,500000,write-512k-128threads
write,512,10,256,18056.1,69.41,0.33,-1.00,1e+06,0,41s,500000,write-512k-256threads
write,1024,10,64,22407.2,26.13,1.43,-1.00,1e+06,0,57s,1000000,write-1m-64threads
write,1024,10,128,22196.8,55.67,1.31,-1.00,1e+06,0,1m3s,1000000,write-1m-128threads
write,1024,10,256,21171.6,119.25,1.19,-1.00,1e+06,0,1m5s,1000000,write-1m-256threads
write,4096,10,64,25885.0,92.58,5.47,-1.00,1e+06,0,2m54s,4000000,write-4m-64threads
write,4096,10,128,26028.7,198.92,5.30,-1.00,1e+06,0,4m1s,4000000,write-4m-128threads
write,4096,10,256,25751.3,391.91,5.22,-1.00,1e+06,0,3m11s,4000000,write-4m-256threads
